<manager id="1">
  <registrations id="2">
    <registration id="3">
      <id>1</id>
      <participant id="4">
        <name>Oscar</name>
      </participant>
      <event id="5">
        <name>Soccer game</name>
        <eventDate id="6">2017-03-16</eventDate>
        <startTime id="7">09:00:00</startTime>
        <endTime id="8">10:30:00</endTime>
      </event>
    </registration>
  </registrations>
  <participants id="9">
    <participant reference="4"/>
  </participants>
  <events id="10">
    <event reference="5"/>
  </events>
</manager>